,Unnamed: 0,palabra,tamanyo,threshold,distancia,trie,tiempo,media_trie-distancia,mediana_trie-distancia
0,0,casa,2500,1,i,Yes,0.0521252110000001,0.04691548528570623,0.0455435519999696
1,1,casa,2500,2,i,Yes,0.0796321270000002,0.05709684085714527,0.0548465460000215
2,2,casa,2500,4,i,Yes,0.1814783129999999,0.16203181699999905,0.1814783129999999
3,3,casa,2500,5,i,Yes,0.219769114,0.2360728418571448,0.2672445250000237
4,4,casa,2500,7,i,Yes,0.2735280420000001,0.3285209667142882,0.3426818399999973
5,5,casa,2500,1,d,Yes,0.060804853,0.04928159657143576,0.0449865780000209
6,6,casa,2500,2,d,Yes,0.0803974839999996,0.05656268042857154,0.0542635560000093
7,7,casa,2500,4,d,Yes,0.1647422510000002,0.14543922485713828,0.1647422510000002
8,8,casa,2500,5,d,Yes,0.1932548550000001,0.2068075802857216,0.2337970100000177
9,9,casa,2500,7,d,Yes,0.2413709420000001,0.29795511571428845,0.3058405790000051
10,10,casa,2500,1,l,Yes,0.0492869559999999,0.049144528142858544,0.0452049009999768
11,11,casa,2500,2,l,Yes,0.0551063649999998,0.05049899814285539,0.0453123169999969
12,12,casa,2500,4,l,Yes,0.0657183129999996,0.06666967071428963,0.0657183129999996
13,13,casa,2500,5,l,Yes,0.0715346729999999,0.07583461399999906,0.0752121149999993
14,14,casa,2500,7,l,Yes,0.0787002700000001,0.0884801364285814,0.0867200220000086
15,15,casa,2500,1,i,No,0.0985929110000003,0.09780499328572279,0.1058217490000288
16,16,casa,2500,2,i,No,0.0981092490000001,0.12324766771428787,0.1143539960000055
17,17,casa,2500,4,i,No,0.1163611659999999,0.1564911132857109,0.1470974649999945
18,18,casa,2500,5,i,No,0.110981401,0.16575041271427887,0.1460404950000011
19,19,casa,2500,7,i,No,0.1089503629999999,0.16207079814285685,0.135351925000009
20,20,casa,2500,1,d,No,0.1037777919999998,0.09535192114286073,0.0978587399999995
21,21,casa,2500,2,d,No,0.102368996,0.12861248514286527,0.1335843160000251
22,22,casa,2500,4,d,No,0.1020288310000001,0.15708680542857395,0.1673525969999971
23,23,casa,2500,5,d,No,0.1001371979999996,0.16163924185714312,0.1337797969999883
24,24,casa,2500,7,d,No,0.1021009620000006,0.1621737037142877,0.1350942380000219
25,25,casa,2500,1,l,No,0.1046681920000001,0.09597011199999954,0.1008199760000039
26,26,casa,2500,2,l,No,0.1035157619999997,0.12687865699999565,0.1156363319999798
27,27,casa,2500,4,l,No,0.1058346410000004,0.1552885855714284,0.1601828229999995
28,28,casa,2500,5,l,No,0.1030569309999993,0.1656054675714216,0.1518098090000066
29,29,casa,2500,7,l,No,0.1040314469999996,0.16741574542856982,0.1554182439999962
30,30,casa,10000,1,i,Yes,0.1934431850000004,0.1892096510000019,0.1768892370000117
31,31,casa,10000,2,i,Yes,0.286959918,0.23142021428570445,0.201196264999993
32,32,casa,10000,4,i,Yes,0.7015106599999994,0.6166996132857223,0.7015106599999994
33,33,casa,10000,5,i,Yes,0.8684313379999997,0.9167993662857146,1.0645061250000083
34,34,casa,10000,7,i,Yes,1.136789037000001,1.3483657477142776,1.3871027180000013
35,35,casa,10000,1,d,Yes,0.2087838360000002,0.18433537057142776,0.1779641630000128
36,36,casa,10000,2,d,Yes,0.2740178719999999,0.21609823114285498,0.2012405269999959
37,37,casa,10000,4,d,Yes,0.625845055000001,0.5414615512857102,0.625845055000001
38,38,casa,10000,5,d,Yes,0.7751851529999989,0.7995529664285778,0.9225533700000028
39,39,casa,10000,7,d,Yes,1.005652608,1.1700539694285776,1.2095163469999974
40,40,casa,10000,1,l,Yes,0.1810720329999995,0.17936852928571967,0.1776227980000158
41,41,casa,10000,2,l,Yes,0.1982575260000008,0.18556996228570885,0.180710275999985
42,42,casa,10000,4,l,Yes,0.2682441020000006,0.24725076800000728,0.2607983089999948
43,43,casa,10000,5,l,Yes,0.2791658019999996,0.28910366614285493,0.293897644999987
44,44,casa,10000,7,l,Yes,0.3238821069999993,0.3453729591428595,0.3476149220000053
45,45,casa,10000,1,i,No,0.3945349579999995,0.5059537211428579,0.4259489920000021
46,46,casa,10000,2,i,No,0.3921155030000012,0.5828058890000057,0.488705147999994
47,47,casa,10000,4,i,No,0.3914858240000001,0.6314793561428595,0.5192221170000266
48,48,casa,10000,5,i,No,0.3960497109999998,0.6348939708571345,0.5322716739999578
49,49,casa,10000,7,i,No,0.3981701819999994,0.6485954718571367,0.5297924039999771
50,50,casa,10000,1,d,No,0.4012861819999997,0.5163948492857163,0.4264480390000074
51,51,casa,10000,2,d,No,0.3821518140000002,0.580773602571435,0.4947436229999908
52,52,casa,10000,4,d,No,0.4004619940000005,0.6307063001428642,0.5252478140000107
53,53,casa,10000,5,d,No,0.3889931619999984,0.6239252342857081,0.5284797869999807
54,54,casa,10000,7,d,No,0.3858901639999992,0.6380275868571503,0.5304936300000236
55,55,casa,10000,1,l,No,0.3870787040000003,0.49554000957142363,0.425113897000017
56,56,casa,10000,2,l,No,0.3967543520000021,0.5827349535714299,0.4919475749999975
57,57,casa,10000,4,l,No,0.3840763170000016,0.6346140048571384,0.527122401999975
58,58,casa,10000,5,l,No,0.384320633999998,0.6194372964285709,0.5271481899999912
59,59,casa,10000,7,l,No,0.3843621230000025,0.6249117391428598,0.5321732229999725
60,60,casa,35000,1,i,Yes,0.4431175100000004,0.4198414720000026,0.4054873329999964
61,61,casa,35000,2,i,Yes,0.7040740350000014,0.5123279539999993,0.4518028710000124
62,62,casa,35000,4,i,Yes,1.755148836,1.4168576511428579,1.4631460990000278
63,63,casa,35000,5,i,Yes,2.055186816999999,2.076390308142863,2.490982109000015
64,64,casa,35000,7,i,Yes,2.512780653,2.9933966324285715,3.0825691250000062
65,65,casa,35000,1,d,Yes,0.4581830429999982,0.4224941288571295,0.4049072369999749
66,66,casa,35000,2,d,Yes,0.5990379690000012,0.491010060714287,0.4546453959999894
67,67,casa,35000,4,d,Yes,1.6015573950000004,1.2803274162857068,1.312394143999995
68,68,casa,35000,5,d,Yes,1.8779769500000008,1.8289289991428497,2.1484542050000077
69,69,casa,35000,7,d,Yes,2.4967018639999985,2.6556222078571508,2.7177673220000003
70,70,casa,35000,1,l,Yes,0.6258552670000057,0.4433995638571458,0.4123459489999845
71,71,casa,35000,2,l,Yes,0.5164956009999955,0.4333992914285706,0.4096239880000212
72,72,casa,35000,4,l,Yes,0.9167271839999956,0.6004009944285664,0.5569837919999827
73,73,casa,35000,5,l,Yes,1.061545253999995,0.7082737512857104,0.7078371430000061
74,74,casa,35000,7,l,Yes,1.210859854000006,0.8613747442857098,0.8790479899999895
75,75,casa,35000,1,i,No,1.370265595999996,1.2876178195714314,1.102943504999999
76,76,casa,35000,2,i,No,1.1700049450000023,1.3991469937142986,1.1737780440000165
77,77,casa,35000,4,i,No,1.1224383049999958,1.4589868255714364,1.2439371769999923
78,78,casa,35000,5,i,No,0.9684595359999976,1.43326215171428,1.1754543229999967
79,79,casa,35000,7,i,No,0.9486893660000036,1.4962867612857178,1.226543595999999
80,80,casa,35000,1,d,No,0.9879902910000028,1.2142586091428496,1.0005420479999998
81,81,casa,35000,2,d,No,0.9481009659999984,1.3365794704285747,1.1621159860000034
82,82,casa,35000,4,d,No,1.0205901060000002,1.394241384857141,1.175630167999998
83,83,casa,35000,5,d,No,1.0091868530000028,1.3934614190000028,1.1785114990000238
84,84,casa,35000,7,d,No,0.8958439459999994,1.3955472245714264,1.2584566780000015
85,85,casa,35000,1,l,No,0.913139018999999,1.1933287010000027,0.9926454219999812
86,86,casa,35000,2,l,No,0.9043851899999992,1.326110941857144,1.182117204000008
87,87,casa,35000,4,l,No,0.8951743119999946,1.375615321428569,1.1861220050000156
88,88,casa,35000,5,l,No,0.957728465999999,1.3870824007142843,1.1802415390000078
89,89,casa,35000,7,l,No,0.9185759810000036,1.3823574504285818,1.1787221800000225
90,90,senor,2500,1,i,Yes,0.0499867019999982,0.04691548528570623,0.0455435519999696
91,91,senor,2500,2,i,Yes,0.0659490520000005,0.05709684085714527,0.0548465460000215
92,92,senor,2500,4,i,Yes,0.2429994139999962,0.16203181699999905,0.1814783129999999
93,93,senor,2500,5,i,Yes,0.3007401539999961,0.2360728418571448,0.2672445250000237
94,94,senor,2500,7,i,Yes,0.3426818399999973,0.3285209667142882,0.3426818399999973
95,95,senor,2500,1,d,Yes,0.0552788899999967,0.04928159657143576,0.0449865780000209
96,96,senor,2500,2,d,Yes,0.0650881469999973,0.05656268042857154,0.0542635560000093
97,97,senor,2500,4,d,Yes,0.2242357699999999,0.14543922485713828,0.1647422510000002
98,98,senor,2500,5,d,Yes,0.2672799580000031,0.2068075802857216,0.2337970100000177
99,99,senor,2500,7,d,Yes,0.3774404209999957,0.29795511571428845,0.3058405790000051
100,100,senor,2500,1,l,Yes,0.0645522020000015,0.049144528142858544,0.0452049009999768
101,101,senor,2500,2,l,Yes,0.0667413789999997,0.05049899814285539,0.0453123169999969
102,102,senor,2500,4,l,Yes,0.1010102460000013,0.06666967071428963,0.0657183129999996
103,103,senor,2500,5,l,Yes,0.0982853080000012,0.07583461399999906,0.0752121149999993
104,104,senor,2500,7,l,Yes,0.1099585709999999,0.0884801364285814,0.0867200220000086
105,105,senor,2500,1,i,No,0.109069826999999,0.09780499328572279,0.1058217490000288
106,106,senor,2500,2,i,No,0.1393046669999975,0.12324766771428787,0.1143539960000055
107,107,senor,2500,4,i,No,0.1470974649999945,0.1564911132857109,0.1470974649999945
108,108,senor,2500,5,i,No,0.1460404950000011,0.16575041271427887,0.1460404950000011
109,109,senor,2500,7,i,No,0.1233766109999976,0.16207079814285685,0.135351925000009
110,110,senor,2500,1,d,No,0.0978587399999995,0.09535192114286073,0.0978587399999995
111,111,senor,2500,2,d,No,0.1484729950000058,0.12861248514286527,0.1335843160000251
112,112,senor,2500,4,d,No,0.1673525969999971,0.15708680542857395,0.1673525969999971
113,113,senor,2500,5,d,No,0.1310664709999969,0.16163924185714312,0.1337797969999883
114,114,senor,2500,7,d,No,0.1280086629999957,0.1621737037142877,0.1350942380000219
115,115,senor,2500,1,l,No,0.1008199760000039,0.09597011199999954,0.1008199760000039
116,116,senor,2500,2,l,No,0.1537472899999983,0.12687865699999565,0.1156363319999798
117,117,senor,2500,4,l,No,0.1601828229999995,0.1552885855714284,0.1601828229999995
118,118,senor,2500,5,l,No,0.1518098090000066,0.1656054675714216,0.1518098090000066
119,119,senor,2500,7,l,No,0.1554182439999962,0.16741574542856982,0.1554182439999962
120,120,senor,10000,1,i,Yes,0.2298991549999982,0.1892096510000019,0.1768892370000117
121,121,senor,10000,2,i,Yes,0.3455663769999972,0.23142021428570445,0.201196264999993
122,122,senor,10000,4,i,Yes,0.9896815000000032,0.6166996132857223,0.7015106599999994
123,123,senor,10000,5,i,Yes,1.2087724240000028,0.9167993662857146,1.0645061250000083
124,124,senor,10000,7,i,Yes,1.3871027180000013,1.3483657477142776,1.3871027180000013
125,125,senor,10000,1,d,Yes,0.1927604700000031,0.18433537057142776,0.1779641630000128
126,126,senor,10000,2,d,Yes,0.2640693339999984,0.21609823114285498,0.2012405269999959
127,127,senor,10000,4,d,Yes,0.8446683240000041,0.5414615512857102,0.625845055000001
128,128,senor,10000,5,d,Yes,1.0260934990000052,0.7995529664285778,0.9225533700000028
129,129,senor,10000,7,d,Yes,1.2095163469999974,1.1700539694285776,1.2095163469999974
130,130,senor,10000,1,l,Yes,0.1808970089999917,0.17936852928571967,0.1776227980000158
131,131,senor,10000,2,l,Yes,0.1979819820000017,0.18556996228570885,0.180710275999985
132,132,senor,10000,4,l,Yes,0.3117721960000068,0.24725076800000728,0.2607983089999948
133,133,senor,10000,5,l,Yes,0.3150351059999963,0.28910366614285493,0.293897644999987
134,134,senor,10000,7,l,Yes,0.3476149220000053,0.3453729591428595,0.3476149220000053
135,135,senor,10000,1,i,No,0.4779398440000051,0.5059537211428579,0.4259489920000021
136,136,senor,10000,2,i,No,0.488705147999994,0.5828058890000057,0.488705147999994
137,137,senor,10000,4,i,No,0.4816870370000004,0.6314793561428595,0.5192221170000266
138,138,senor,10000,5,i,No,0.504159393000009,0.6348939708571345,0.5322716739999578
139,139,senor,10000,7,i,No,0.5199854130000006,0.6485954718571367,0.5297924039999771
140,140,senor,10000,1,d,No,0.5364085730000028,0.5163948492857163,0.4264480390000074
141,141,senor,10000,2,d,No,0.4947436229999908,0.580773602571435,0.4947436229999908
142,142,senor,10000,4,d,No,0.491066442999994,0.6307063001428642,0.5252478140000107
143,143,senor,10000,5,d,No,0.483850934000003,0.6239252342857081,0.5284797869999807
144,144,senor,10000,7,d,No,0.5005832679999997,0.6380275868571503,0.5304936300000236
145,145,senor,10000,1,l,No,0.4797383839999867,0.49554000957142363,0.425113897000017
146,146,senor,10000,2,l,No,0.4919475749999975,0.5827349535714299,0.4919475749999975
147,147,senor,10000,4,l,No,0.4938203340000058,0.6346140048571384,0.527122401999975
148,148,senor,10000,5,l,No,0.4858053439999992,0.6194372964285709,0.5271481899999912
149,149,senor,10000,7,l,No,0.4961581029999991,0.6249117391428598,0.5321732229999725
150,150,senor,35000,1,i,Yes,0.443298189999993,0.4198414720000026,0.4054873329999964
151,151,senor,35000,2,i,Yes,0.6949289180000022,0.5123279539999993,0.4518028710000124
152,152,senor,35000,4,i,Yes,2.352088561000002,1.4168576511428579,1.4631460990000278
153,153,senor,35000,5,i,Yes,2.7913121020000062,2.076390308142863,2.490982109000015
154,154,senor,35000,7,i,Yes,3.0825691250000062,2.9933966324285715,3.0825691250000062
155,155,senor,35000,1,d,Yes,0.4297061999999982,0.4224941288571295,0.4049072369999749
156,156,senor,35000,2,d,Yes,0.6671657489999916,0.491010060714287,0.4546453959999894
157,157,senor,35000,4,d,Yes,2.07477376,1.2803274162857068,1.312394143999995
158,158,senor,35000,5,d,Yes,2.4126296949999926,1.8289289991428497,2.1484542050000077
159,159,senor,35000,7,d,Yes,2.7177673220000003,2.6556222078571508,2.7177673220000003
160,160,senor,35000,1,l,Yes,0.4313810980000028,0.4433995638571458,0.4123459489999845
161,161,senor,35000,2,l,Yes,0.4654413439999985,0.4333992914285706,0.4096239880000212
162,162,senor,35000,4,l,Yes,0.6837327620000053,0.6004009944285664,0.5569837919999827
163,163,senor,35000,5,l,Yes,0.7341129699999982,0.7082737512857104,0.7078371430000061
164,164,senor,35000,7,l,Yes,0.8790479899999895,0.8613747442857098,0.8790479899999895
165,165,senor,35000,1,i,No,1.102943504999999,1.2876178195714314,1.102943504999999
166,166,senor,35000,2,i,No,1.200218826000011,1.3991469937142986,1.1737780440000165
167,167,senor,35000,4,i,No,1.2439371769999923,1.4589868255714364,1.2439371769999923
168,168,senor,35000,5,i,No,1.1586338559999945,1.43326215171428,1.1754543229999967
169,169,senor,35000,7,i,No,1.226543595999999,1.4962867612857178,1.226543595999999
170,170,senor,35000,1,d,No,1.1702705659999992,1.2142586091428496,1.0005420479999998
171,171,senor,35000,2,d,No,1.1621159860000034,1.3365794704285747,1.1621159860000034
172,172,senor,35000,4,d,No,1.1405847940000058,1.394241384857141,1.175630167999998
173,173,senor,35000,5,d,No,1.134537899999998,1.3934614190000028,1.1785114990000238
174,174,senor,35000,7,d,No,1.2584566780000015,1.3955472245714264,1.2584566780000015
175,175,senor,35000,1,l,No,1.179880495000006,1.1933287010000027,0.9926454219999812
176,176,senor,35000,2,l,No,1.1420249920000032,1.326110941857144,1.182117204000008
177,177,senor,35000,4,l,No,1.0998357539999972,1.375615321428569,1.1861220050000156
178,178,senor,35000,5,l,No,1.1100284789999932,1.3870824007142843,1.1802415390000078
179,179,senor,35000,7,l,No,1.159362774999991,1.3823574504285818,1.1787221800000225
180,180,constitución,2500,1,i,Yes,0.0510100380000011,0.04691548528570623,0.0455435519999696
181,181,constitución,2500,2,i,Yes,0.0523882350000093,0.05709684085714527,0.0548465460000215
182,182,constitución,2500,4,i,Yes,0.0540709329999913,0.16203181699999905,0.1814783129999999
183,183,constitución,2500,5,i,Yes,0.0622361169999976,0.2360728418571448,0.2672445250000237
184,184,constitución,2500,7,i,Yes,0.1217390550000061,0.3285209667142882,0.3426818399999973
185,185,constitución,2500,1,d,Yes,0.0528915670000031,0.04928159657143576,0.0449865780000209
186,186,constitución,2500,2,d,Yes,0.0542635560000093,0.05656268042857154,0.0542635560000093
187,187,constitución,2500,4,d,Yes,0.0545014570000006,0.14543922485713828,0.1647422510000002
188,188,constitución,2500,5,d,Yes,0.058039100000002,0.2068075802857216,0.2337970100000177
189,189,constitución,2500,7,d,Yes,0.1072900930000031,0.29795511571428845,0.3058405790000051
190,190,constitución,2500,1,l,Yes,0.0534811440000027,0.049144528142858544,0.0452049009999768
191,191,constitución,2500,2,l,Yes,0.0516379790000058,0.05049899814285539,0.0453123169999969
192,192,constitución,2500,4,l,Yes,0.0528455809999997,0.06666967071428963,0.0657183129999996
193,193,constitución,2500,5,l,Yes,0.0530911019999962,0.07583461399999906,0.0752121149999993
194,194,constitución,2500,7,l,Yes,0.0606431129999975,0.0884801364285814,0.0867200220000086
195,195,constitución,2500,1,i,No,0.1217195699999962,0.09780499328572279,0.1058217490000288
196,196,constitución,2500,2,i,No,0.1501668280000103,0.12324766771428787,0.1143539960000055
197,197,constitución,2500,4,i,No,0.2223277230000064,0.1564911132857109,0.1470974649999945
198,198,constitución,2500,5,i,No,0.2953708929999976,0.16575041271427887,0.1460404950000011
199,199,constitución,2500,7,i,No,0.2926524239999963,0.16207079814285685,0.135351925000009
200,200,constitución,2500,1,d,No,0.1249470180000003,0.09535192114286073,0.0978587399999995
201,201,constitución,2500,2,d,No,0.1489738230000057,0.12861248514286527,0.1335843160000251
202,202,constitución,2500,4,d,No,0.2205264939999978,0.15708680542857395,0.1673525969999971
203,203,constitución,2500,5,d,No,0.2895251879999989,0.16163924185714312,0.1337797969999883
204,204,constitución,2500,7,d,No,0.2935363299999949,0.1621737037142877,0.1350942380000219
205,205,constitución,2500,1,l,No,0.1227489319999932,0.09597011199999954,0.1008199760000039
206,206,constitución,2500,2,l,No,0.1560672840000023,0.12687865699999565,0.1156363319999798
207,207,constitución,2500,4,l,No,0.2173598030000079,0.1552885855714284,0.1601828229999995
208,208,constitución,2500,5,l,No,0.2888372860000032,0.1656054675714216,0.1518098090000066
209,209,constitución,2500,7,l,No,0.2954108199999865,0.16741574542856982,0.1554182439999962
210,210,constitución,10000,1,i,Yes,0.2016184940000016,0.1892096510000019,0.1768892370000117
211,211,constitución,10000,2,i,Yes,0.201196264999993,0.23142021428570445,0.201196264999993
212,212,constitución,10000,4,i,Yes,0.220983015999991,0.6166996132857223,0.7015106599999994
213,213,constitución,10000,5,i,Yes,0.2652116529999944,0.9167993662857146,1.0645061250000083
214,214,constitución,10000,7,i,Yes,0.6999716349999971,1.3483657477142776,1.3871027180000013
215,215,constitución,10000,1,d,Yes,0.2009699079999904,0.18433537057142776,0.1779641630000128
216,216,constitución,10000,2,d,Yes,0.2012405269999959,0.21609823114285498,0.2012405269999959
217,217,constitución,10000,4,d,Yes,0.2169468979999891,0.5414615512857102,0.625845055000001
218,218,constitución,10000,5,d,Yes,0.2616567500000002,0.7995529664285778,0.9225533700000028
219,219,constitución,10000,7,d,Yes,0.6321804710000123,1.1700539694285776,1.2095163469999974
220,220,constitución,10000,1,l,Yes,0.2116864240000069,0.17936852928571967,0.1776227980000158
221,221,constitución,10000,2,l,Yes,0.2026279370000026,0.18556996228570885,0.180710275999985
222,222,constitución,10000,4,l,Yes,0.2034404599999959,0.24725076800000728,0.2607983089999948
223,223,constitución,10000,5,l,Yes,0.2102700949999985,0.28910366614285493,0.293897644999987
224,224,constitución,10000,7,l,Yes,0.2796833230000004,0.3453729591428595,0.3476149220000053
225,225,constitución,10000,1,i,No,1.1952223719999893,0.5059537211428579,0.4259489920000021
226,226,constitución,10000,2,i,No,1.2182878350000124,0.5828058890000057,0.488705147999994
227,227,constitución,10000,4,i,No,1.2196730089999903,0.6314793561428595,0.5192221170000266
228,228,constitución,10000,5,i,No,1.1961709539999958,0.6348939708571345,0.5322716739999578
229,229,constitución,10000,7,i,No,1.2546967990000013,0.6485954718571367,0.5297924039999771
230,230,constitución,10000,1,d,No,1.1615215290000125,0.5163948492857163,0.4264480390000074
231,231,constitución,10000,2,d,No,1.2005541329999971,0.580773602571435,0.4947436229999908
232,232,constitución,10000,4,d,No,1.1757136530000023,0.6307063001428642,0.5252478140000107
233,233,constitución,10000,5,d,No,1.1619200760000012,0.6239252342857081,0.5284797869999807
234,234,constitución,10000,7,d,No,1.234308270000014,0.6380275868571503,0.5304936300000236
235,235,constitución,10000,1,l,No,1.1395519279999746,0.49554000957142363,0.425113897000017
236,236,constitución,10000,2,l,No,1.202383779999991,0.5827349535714299,0.4919475749999975
237,237,constitución,10000,4,l,No,1.22901670600001,0.6346140048571384,0.527122401999975
238,238,constitución,10000,5,l,No,1.1268532580000112,0.6194372964285709,0.5271481899999912
239,239,constitución,10000,7,l,No,1.145627951999984,0.6249117391428598,0.5321732229999725
240,240,constitución,35000,1,i,Yes,0.4670421940000153,0.4198414720000026,0.4054873329999964
241,241,constitución,35000,2,i,Yes,0.4518028710000124,0.5123279539999993,0.4518028710000124
242,242,constitución,35000,4,i,Yes,0.4845176639999806,1.4168576511428579,1.4631460990000278
243,243,constitución,35000,5,i,Yes,0.5626006990000008,2.076390308142863,2.490982109000015
244,244,constitución,35000,7,i,Yes,1.3978509730000042,2.9933966324285715,3.0825691250000062
245,245,constitución,35000,1,d,Yes,0.4865439679999781,0.4224941288571295,0.4049072369999749
246,246,constitución,35000,2,d,Yes,0.4546453959999894,0.491010060714287,0.4546453959999894
247,247,constitución,35000,4,d,Yes,0.478368004999993,1.2803274162857068,1.312394143999995
248,248,constitución,35000,5,d,Yes,0.5398596290000057,1.8289289991428497,2.1484542050000077
249,249,constitución,35000,7,d,Yes,1.2360730169999954,2.6556222078571508,2.7177673220000003
250,250,constitución,35000,1,l,Yes,0.4734796590000201,0.4433995638571458,0.4123459489999845
251,251,constitución,35000,2,l,Yes,0.460009092000007,0.4333992914285706,0.4096239880000212
252,252,constitución,35000,4,l,Yes,0.4626438700000221,0.6004009944285664,0.5569837919999827
253,253,constitución,35000,5,l,Yes,0.4797016130000031,0.7082737512857104,0.7078371430000061
254,254,constitución,35000,7,l,Yes,0.6082460970000056,0.8613747442857098,0.8790479899999895
255,255,constitución,35000,1,i,No,2.613386868999981,1.2876178195714314,1.102943504999999
256,256,constitución,35000,2,i,No,2.5388304140000173,1.3991469937142986,1.1737780440000165
257,257,constitución,35000,4,i,No,2.5683436310000047,1.4589868255714364,1.2439371769999923
258,258,constitución,35000,5,i,No,2.6501065459999893,1.43326215171428,1.1754543229999967
259,259,constitución,35000,7,i,No,3.0206873340000016,1.4962867612857178,1.226543595999999
260,260,constitución,35000,1,d,No,2.4101470219999896,1.2142586091428496,1.0005420479999998
261,261,constitución,35000,2,d,No,2.3337494390000018,1.3365794704285747,1.1621159860000034
262,262,constitución,35000,4,d,No,2.32941744499999,1.394241384857141,1.175630167999998
263,263,constitución,35000,5,d,No,2.323307061999998,1.3934614190000028,1.1785114990000238
264,264,constitución,35000,7,d,No,2.325762838000003,1.3955472245714264,1.2584566780000015
265,265,constitución,35000,1,l,No,2.331328205999995,1.1933287010000027,0.9926454219999812
266,266,constitución,35000,2,l,No,2.289285892999999,1.326110941857144,1.182117204000008
267,267,constitución,35000,4,l,No,2.3368063989999825,1.375615321428569,1.1861220050000156
268,268,constitución,35000,5,l,No,2.3489923060000137,1.3870824007142843,1.1802415390000078
269,269,constitución,35000,7,l,No,2.326826091000015,1.3823574504285818,1.1787221800000225
270,270,ancho,2500,1,i,Yes,0.0426825959999916,0.04691548528570623,0.0455435519999696
271,271,ancho,2500,2,i,Yes,0.0583297019999804,0.05709684085714527,0.0548465460000215
272,272,ancho,2500,4,i,Yes,0.2318078149999962,0.16203181699999905,0.1814783129999999
273,273,ancho,2500,5,i,Yes,0.2741412919999959,0.2360728418571448,0.2672445250000237
274,274,ancho,2500,7,i,Yes,0.3020035320000147,0.3285209667142882,0.3426818399999973
275,275,ancho,2500,1,d,Yes,0.0417166439999903,0.04928159657143576,0.0449865780000209
276,276,ancho,2500,2,d,Yes,0.0557654509999849,0.05656268042857154,0.0542635560000093
277,277,ancho,2500,4,d,Yes,0.2038560700000005,0.14543922485713828,0.1647422510000002
278,278,ancho,2500,5,d,Yes,0.2337970100000177,0.2068075802857216,0.2337970100000177
279,279,ancho,2500,7,d,Yes,0.2683843089999982,0.29795511571428845,0.3058405790000051
280,280,ancho,2500,1,l,Yes,0.0431578819999742,0.049144528142858544,0.0452049009999768
281,281,ancho,2500,2,l,Yes,0.0449769340000045,0.05049899814285539,0.0453123169999969
282,282,ancho,2500,4,l,Yes,0.0705349480000165,0.06666967071428963,0.0657183129999996
283,283,ancho,2500,5,l,Yes,0.0752121149999993,0.07583461399999906,0.0752121149999993
284,284,ancho,2500,7,l,Yes,0.0798993630000097,0.0884801364285814,0.0867200220000086
285,285,ancho,2500,1,i,No,0.1117770070000006,0.09780499328572279,0.1058217490000288
286,286,ancho,2500,2,i,No,0.1143539960000055,0.12324766771428787,0.1143539960000055
287,287,ancho,2500,4,i,No,0.1127683640000043,0.1564911132857109,0.1470974649999945
288,288,ancho,2500,5,i,No,0.1128178749999904,0.16575041271427887,0.1460404950000011
289,289,ancho,2500,7,i,No,0.1137636349999979,0.16207079814285685,0.135351925000009
290,290,ancho,2500,1,d,No,0.1137129999999899,0.09535192114286073,0.0978587399999995
291,291,ancho,2500,2,d,No,0.1413587680000034,0.12861248514286527,0.1335843160000251
292,292,ancho,2500,4,d,No,0.1141206770000167,0.15708680542857395,0.1673525969999971
293,293,ancho,2500,5,d,No,0.1141064329999892,0.16163924185714312,0.1337797969999883
294,294,ancho,2500,7,d,No,0.1150185049999947,0.1621737037142877,0.1350942380000219
295,295,ancho,2500,1,l,No,0.1156696989999943,0.09597011199999954,0.1008199760000039
296,296,ancho,2500,2,l,No,0.1156363319999798,0.12687865699999565,0.1156363319999798
297,297,ancho,2500,4,l,No,0.1112424009999983,0.1552885855714284,0.1601828229999995
298,298,ancho,2500,5,l,No,0.1140274880000049,0.1656054675714216,0.1518098090000066
299,299,ancho,2500,7,l,No,0.1161352789999909,0.16741574542856982,0.1554182439999962
300,300,ancho,10000,1,i,Yes,0.1759625560000017,0.1892096510000019,0.1768892370000117
301,301,ancho,10000,2,i,Yes,0.238062205999995,0.23142021428570445,0.201196264999993
302,302,ancho,10000,4,i,Yes,0.8873389260000124,0.6166996132857223,0.7015106599999994
303,303,ancho,10000,5,i,Yes,1.0645061250000083,0.9167993662857146,1.0645061250000083
304,304,ancho,10000,7,i,Yes,1.2113057749999996,1.3483657477142776,1.3871027180000013
305,305,ancho,10000,1,d,Yes,0.1695209880000163,0.18433537057142776,0.1779641630000128
306,306,ancho,10000,2,d,Yes,0.2290720690000114,0.21609823114285498,0.2012405269999959
307,307,ancho,10000,4,d,Yes,0.7645402939999997,0.5414615512857102,0.625845055000001
308,308,ancho,10000,5,d,Yes,0.9225533700000028,0.7995529664285778,0.9225533700000028
309,309,ancho,10000,7,d,Yes,1.058498646000004,1.1700539694285776,1.2095163469999974
310,310,ancho,10000,1,l,Yes,0.1677905210000005,0.17936852928571967,0.1776227980000158
311,311,ancho,10000,2,l,Yes,0.180710275999985,0.18556996228570885,0.180710275999985
312,312,ancho,10000,4,l,Yes,0.2692674020000254,0.24725076800000728,0.2607983089999948
313,313,ancho,10000,5,l,Yes,0.293897644999987,0.28910366614285493,0.293897644999987
314,314,ancho,10000,7,l,Yes,0.3145025350000026,0.3453729591428595,0.3476149220000053
315,315,ancho,10000,1,i,No,0.440300193000013,0.5059537211428579,0.4259489920000021
316,316,ancho,10000,2,i,No,0.4391088099999933,0.5828058890000057,0.488705147999994
317,317,ancho,10000,4,i,No,0.4374713219999933,0.6314793561428595,0.5192221170000266
318,318,ancho,10000,5,i,No,0.441836066999997,0.6348939708571345,0.5322716739999578
319,319,ancho,10000,7,i,No,0.4423824520000039,0.6485954718571367,0.5297924039999771
320,320,ancho,10000,1,d,No,0.4584916860000021,0.5163948492857163,0.4264480390000074
321,321,ancho,10000,2,d,No,0.4390872840000099,0.580773602571435,0.4947436229999908
322,322,ancho,10000,4,d,No,0.4447291209999946,0.6307063001428642,0.5252478140000107
323,323,ancho,10000,5,d,No,0.4351548079999929,0.6239252342857081,0.5284797869999807
324,324,ancho,10000,7,d,No,0.441340609000008,0.6380275868571503,0.5304936300000236
325,325,ancho,10000,1,l,No,0.427519774000018,0.49554000957142363,0.425113897000017
326,326,ancho,10000,2,l,No,0.4344700830000079,0.5827349535714299,0.4919475749999975
327,327,ancho,10000,4,l,No,0.4364529679999975,0.6346140048571384,0.527122401999975
328,328,ancho,10000,5,l,No,0.429468694999997,0.6194372964285709,0.5271481899999912
329,329,ancho,10000,7,l,No,0.4325916450000022,0.6249117391428598,0.5321732229999725
330,330,ancho,35000,1,i,Yes,0.3832286080000244,0.4198414720000026,0.4054873329999964
331,331,ancho,35000,2,i,Yes,0.5085403059999862,0.5123279539999993,0.4518028710000124
332,332,ancho,35000,4,i,Yes,2.0228205699999933,1.4168576511428579,1.4631460990000278
333,333,ancho,35000,5,i,Yes,2.490982109000015,2.076390308142863,2.490982109000015
334,334,ancho,35000,7,i,Yes,2.7649650929999723,2.9933966324285715,3.0825691250000062
335,335,ancho,35000,1,d,Yes,0.3985836869999843,0.4224941288571295,0.4049072369999749
336,336,ancho,35000,2,d,Yes,0.4942179349999946,0.491010060714287,0.4546453959999894
337,337,ancho,35000,4,d,Yes,1.7866159900000014,1.2803274162857068,1.312394143999995
338,338,ancho,35000,5,d,Yes,2.1484542050000077,1.8289289991428497,2.1484542050000077
339,339,ancho,35000,7,d,Yes,2.3733898499999952,2.6556222078571508,2.7177673220000003
340,340,ancho,35000,1,l,Yes,0.3803877499999828,0.4433995638571458,0.4123459489999845
341,341,ancho,35000,2,l,Yes,0.4009554869999761,0.4333992914285706,0.4096239880000212
342,342,ancho,35000,4,l,Yes,0.6221494339999936,0.6004009944285664,0.5569837919999827
343,343,ancho,35000,5,l,Yes,0.6667645729999947,0.7082737512857104,0.7078371430000061
344,344,ancho,35000,7,l,Yes,0.709411584999998,0.8613747442857098,0.8790479899999895
345,345,ancho,35000,1,i,No,0.9765596089999916,1.2876178195714314,1.102943504999999
346,346,ancho,35000,2,i,No,0.989700021999994,1.3991469937142986,1.1737780440000165
347,347,ancho,35000,4,i,No,0.9819677090000029,1.4589868255714364,1.2439371769999923
348,348,ancho,35000,5,i,No,0.9732985649999932,1.43326215171428,1.1754543229999967
349,349,ancho,35000,7,i,No,0.9864258810000024,1.4962867612857178,1.226543595999999
350,350,ancho,35000,1,d,No,1.0005420479999998,1.2142586091428496,1.0005420479999998
351,351,ancho,35000,2,d,No,1.008659487000017,1.3365794704285747,1.1621159860000034
352,352,ancho,35000,4,d,No,0.9792119699999944,1.394241384857141,1.175630167999998
353,353,ancho,35000,5,d,No,0.9935723170000016,1.3934614190000028,1.1785114990000238
354,354,ancho,35000,7,d,No,1.0048602420000066,1.3955472245714264,1.2584566780000015
355,355,ancho,35000,1,l,No,0.9926454219999812,1.1933287010000027,0.9926454219999812
356,356,ancho,35000,2,l,No,1.024878670000021,1.326110941857144,1.182117204000008
357,357,ancho,35000,4,l,No,1.0067745839999986,1.375615321428569,1.1861220050000156
358,358,ancho,35000,5,l,No,1.0016692730000043,1.3870824007142843,1.1802415390000078
359,359,ancho,35000,7,l,No,1.0084473199999875,1.3823574504285818,1.1787221800000225
360,360,savaedra,2500,1,i,Yes,0.0432768800000076,0.04691548528570623,0.0455435519999696
361,361,savaedra,2500,2,i,Yes,0.0548465460000215,0.05709684085714527,0.0548465460000215
362,362,savaedra,2500,4,i,Yes,0.2454168470000013,0.16203181699999905,0.1814783129999999
363,363,savaedra,2500,5,i,Yes,0.3632678000000169,0.2360728418571448,0.2672445250000237
364,364,savaedra,2500,7,i,Yes,0.4447876570000062,0.3285209667142882,0.3426818399999973
365,365,savaedra,2500,1,d,Yes,0.0446773980000045,0.04928159657143576,0.0449865780000209
366,366,savaedra,2500,2,d,Yes,0.0522913019999862,0.05656268042857154,0.0542635560000093
367,367,savaedra,2500,4,d,Yes,0.2082125019999807,0.14543922485713828,0.1647422510000002
368,368,savaedra,2500,5,d,Yes,0.3129212690000145,0.2068075802857216,0.2337970100000177
369,369,savaedra,2500,7,d,Yes,0.3878690570000174,0.29795511571428845,0.3058405790000051
370,370,savaedra,2500,1,l,Yes,0.0446415800000181,0.049144528142858544,0.0452049009999768
371,371,savaedra,2500,2,l,Yes,0.0453123169999969,0.05049899814285539,0.0453123169999969
372,372,savaedra,2500,4,l,Yes,0.0742882330000043,0.06666967071428963,0.0657183129999996
373,373,savaedra,2500,5,l,Yes,0.0917229199999951,0.07583461399999906,0.0752121149999993
374,374,savaedra,2500,7,l,Yes,0.1005550260000234,0.0884801364285814,0.0867200220000086
375,375,savaedra,2500,1,i,No,0.0690920819999973,0.09780499328572279,0.1058217490000288
376,376,savaedra,2500,2,i,No,0.1363795030000005,0.12324766771428787,0.1143539960000055
377,377,savaedra,2500,4,i,No,0.1821386099999813,0.1564911132857109,0.1470974649999945
378,378,savaedra,2500,5,i,No,0.1786478839999858,0.16575041271427887,0.1460404950000011
379,379,savaedra,2500,7,i,No,0.1807040820000054,0.16207079814285685,0.135351925000009
380,380,savaedra,2500,1,d,No,0.0676120450000041,0.09535192114286073,0.0978587399999995
381,381,savaedra,2500,2,d,No,0.1335843160000251,0.12861248514286527,0.1335843160000251
382,382,savaedra,2500,4,d,No,0.1824910619999968,0.15708680542857395,0.1673525969999971
383,383,savaedra,2500,5,d,No,0.180871513999989,0.16163924185714312,0.1337797969999883
384,384,savaedra,2500,7,d,No,0.180040517000009,0.1621737037142877,0.1350942380000219
385,385,savaedra,2500,1,l,No,0.0689766240000153,0.09597011199999954,0.1008199760000039
386,386,savaedra,2500,2,l,No,0.1336939050000012,0.12687865699999565,0.1156363319999798
387,387,savaedra,2500,4,l,No,0.1794485189999761,0.1552885855714284,0.1601828229999995
388,388,savaedra,2500,5,l,No,0.1796864579999919,0.1656054675714216,0.1518098090000066
389,389,savaedra,2500,7,l,No,0.1801968499999873,0.16741574542856982,0.1554182439999962
390,390,savaedra,10000,1,i,Yes,0.170035912000003,0.1892096510000019,0.1768892370000117
391,391,savaedra,10000,2,i,Yes,0.193874792999992,0.23142021428570445,0.201196264999993
392,392,savaedra,10000,4,i,Yes,0.7285847450000063,0.6166996132857223,0.7015106599999994
393,393,savaedra,10000,5,i,Yes,1.2931419200000107,0.9167993662857146,1.0645061250000083
394,394,savaedra,10000,7,i,Yes,1.792784533999992,1.3483657477142776,1.3871027180000013
395,395,savaedra,10000,1,d,Yes,0.1704890240000054,0.18433537057142776,0.1779641630000128
396,396,savaedra,10000,2,d,Yes,0.1975566789999732,0.21609823114285498,0.2012405269999959
397,397,savaedra,10000,4,d,Yes,0.6521636250000142,0.5414615512857102,0.625845055000001
398,398,savaedra,10000,5,d,Yes,1.100901069999992,0.7995529664285778,0.9225533700000028
399,399,savaedra,10000,7,d,Yes,1.5242204900000047,1.1700539694285776,1.2095163469999974
400,400,savaedra,10000,1,l,Yes,0.1675941629999897,0.17936852928571967,0.1776227980000158
401,401,savaedra,10000,2,l,Yes,0.1737502269999993,0.18556996228570885,0.180710275999985
402,402,savaedra,10000,4,l,Yes,0.2607983089999948,0.24725076800000728,0.2607983089999948
403,403,savaedra,10000,5,l,Yes,0.3355555309999829,0.28910366614285493,0.293897644999987
404,404,savaedra,10000,7,l,Yes,0.4018756739999958,0.3453729591428595,0.3476149220000053
405,405,savaedra,10000,1,i,No,0.4259489920000021,0.5059537211428579,0.4259489920000021
406,406,savaedra,10000,2,i,No,0.5938396600000146,0.5828058890000057,0.488705147999994
407,407,savaedra,10000,4,i,No,0.6894634420000045,0.6314793561428595,0.5192221170000266
408,408,savaedra,10000,5,i,No,0.6883639739999978,0.6348939708571345,0.5322716739999578
409,409,savaedra,10000,7,i,No,0.6951130520000106,0.6485954718571367,0.5297924039999771
410,410,savaedra,10000,1,d,No,0.4264480390000074,0.5163948492857163,0.4264480390000074
411,411,savaedra,10000,2,d,No,0.6003606860000161,0.580773602571435,0.4947436229999908
412,412,savaedra,10000,4,d,No,0.6906672420000177,0.6307063001428642,0.5252478140000107
413,413,savaedra,10000,5,d,No,0.6796310660000131,0.6239252342857081,0.5284797869999807
414,414,savaedra,10000,7,d,No,0.6857742930000086,0.6380275868571503,0.5304936300000236
415,415,savaedra,10000,1,l,No,0.425113897000017,0.49554000957142363,0.425113897000017
416,416,savaedra,10000,2,l,No,0.595623154000009,0.5827349535714299,0.4919475749999975
417,417,savaedra,10000,4,l,No,0.6803250739999953,0.6346140048571384,0.527122401999975
418,418,savaedra,10000,5,l,No,0.6858941460000096,0.6194372964285709,0.5271481899999912
419,419,savaedra,10000,7,l,No,0.6851101440000207,0.6249117391428598,0.5321732229999725
420,420,savaedra,35000,1,i,Yes,0.4022328089999973,0.4198414720000026,0.4054873329999964
421,421,savaedra,35000,2,i,Yes,0.4229799149999849,0.5123279539999993,0.4518028710000124
422,422,savaedra,35000,4,i,Yes,1.4631460990000278,1.4168576511428579,1.4631460990000278
423,423,savaedra,35000,5,i,Yes,2.6594761040000208,2.076390308142863,2.490982109000015
424,424,savaedra,35000,7,i,Yes,3.9504579200000194,2.9933966324285715,3.0825691250000062
425,425,savaedra,35000,1,d,Yes,0.3833036359999937,0.4224941288571295,0.4049072369999749
426,426,savaedra,35000,2,d,Yes,0.4116506820000154,0.491010060714287,0.4546453959999894
427,427,savaedra,35000,4,d,Yes,1.312394143999995,1.2803274162857068,1.312394143999995
428,428,savaedra,35000,5,d,Yes,2.3099395890000096,1.8289289991428497,2.1484542050000077
429,429,savaedra,35000,7,d,Yes,3.4497327020000057,2.6556222078571508,2.7177673220000003
430,430,savaedra,35000,1,l,Yes,0.3884763010000256,0.4433995638571458,0.4123459489999845
431,431,savaedra,35000,2,l,Yes,0.3940705969999953,0.4333992914285706,0.4096239880000212
432,432,savaedra,35000,4,l,Yes,0.5569837919999827,0.6004009944285664,0.5569837919999827
433,433,savaedra,35000,5,l,Yes,0.7305003669999905,0.7082737512857104,0.7078371430000061
434,434,savaedra,35000,7,l,Yes,0.9011973449999572,0.8613747442857098,0.8790479899999895
435,435,savaedra,35000,1,i,No,0.9696392070000002,1.2876178195714314,1.102943504999999
436,436,savaedra,35000,2,i,No,1.549833362000015,1.3991469937142986,1.1737780440000165
437,437,savaedra,35000,4,i,No,1.564666780000039,1.4589868255714364,1.2439371769999923
438,438,savaedra,35000,5,i,No,1.5577755360000085,1.43326215171428,1.1754543229999967
439,439,savaedra,35000,7,i,No,1.559039748000032,1.4962867612857178,1.226543595999999
440,440,savaedra,35000,1,d,No,0.9717500309999992,1.2142586091428496,1.0005420479999998
441,441,savaedra,35000,2,d,No,1.5648214039999857,1.3365794704285747,1.1621159860000034
442,442,savaedra,35000,4,d,No,1.5600559979999955,1.394241384857141,1.175630167999998
443,443,savaedra,35000,5,d,No,1.562151240999981,1.3934614190000028,1.1785114990000238
444,444,savaedra,35000,7,d,No,1.545918744000005,1.3955472245714264,1.2584566780000015
445,445,savaedra,35000,1,l,No,0.969203202000017,1.1933287010000027,0.9926454219999812
446,446,savaedra,35000,2,l,No,1.5430353109999828,1.326110941857144,1.182117204000008
447,447,savaedra,35000,4,l,No,1.542229625999994,1.375615321428569,1.1861220050000156
448,448,savaedra,35000,5,l,No,1.552105150999978,1.3870824007142843,1.1802415390000078
449,449,savaedra,35000,7,l,No,1.5415319810000483,1.3823574504285818,1.1787221800000225
450,450,quixot,2500,1,i,Yes,0.0437834179999754,0.04691548528570623,0.0455435519999696
451,451,quixot,2500,2,i,Yes,0.0434425990000022,0.05709684085714527,0.0548465460000215
452,452,quixot,2500,4,i,Yes,0.1197147200000472,0.16203181699999905,0.1814783129999999
453,453,quixot,2500,5,i,Yes,0.2672445250000237,0.2360728418571448,0.2672445250000237
454,454,quixot,2500,7,i,Yes,0.3558449029999906,0.3285209667142882,0.3426818399999973
455,455,quixot,2500,1,d,Yes,0.0449865780000209,0.04928159657143576,0.0449865780000209
456,456,quixot,2500,2,d,Yes,0.0436795210000013,0.05656268042857154,0.0542635560000093
457,457,quixot,2500,4,d,Yes,0.1055714810000267,0.14543922485713828,0.1647422510000002
458,458,quixot,2500,5,d,Yes,0.2360933310000064,0.2068075802857216,0.2337970100000177
459,459,quixot,2500,7,d,Yes,0.3058405790000051,0.29795511571428845,0.3058405790000051
460,460,quixot,2500,1,l,Yes,0.0436870320000366,0.049144528142858544,0.0452049009999768
461,461,quixot,2500,2,l,Yes,0.0448012400000266,0.05049899814285539,0.0453123169999969
462,462,quixot,2500,4,l,Yes,0.0551787370000056,0.06666967071428963,0.0657183129999996
463,463,quixot,2500,5,l,Yes,0.0771212880000007,0.07583461399999906,0.0752121149999993
464,464,quixot,2500,7,l,Yes,0.0867200220000086,0.0884801364285814,0.0867200220000086
465,465,quixot,2500,1,i,No,0.1058217490000288,0.09780499328572279,0.1058217490000288
466,466,quixot,2500,2,i,No,0.1108133569999836,0.12324766771428787,0.1143539960000055
467,467,quixot,2500,4,i,No,0.1363979180000001,0.1564911132857109,0.1470974649999945
468,468,quixot,2500,5,i,No,0.1354040599999848,0.16575041271427887,0.1460404950000011
469,469,quixot,2500,7,i,No,0.135351925000009,0.16207079814285685,0.135351925000009
470,470,quixot,2500,1,d,No,0.0906251250000309,0.09535192114286073,0.0978587399999995
471,471,quixot,2500,2,d,No,0.1131328939999889,0.12861248514286527,0.1335843160000251
472,472,quixot,2500,4,d,No,0.1343307220000156,0.15708680542857395,0.1673525969999971
473,473,quixot,2500,5,d,No,0.1337797969999883,0.16163924185714312,0.1337797969999883
474,474,quixot,2500,7,d,No,0.1350942380000219,0.1621737037142877,0.1350942380000219
475,475,quixot,2500,1,l,No,0.0902047050000192,0.09597011199999954,0.1008199760000039
476,476,quixot,2500,2,l,No,0.1122174309999763,0.12687865699999565,0.1156363319999798
477,477,quixot,2500,4,l,No,0.1328647830000022,0.1552885855714284,0.1601828229999995
478,478,quixot,2500,5,l,No,0.1342685189999883,0.1656054675714216,0.1518098090000066
479,479,quixot,2500,7,l,No,0.1375011850000191,0.16741574542856982,0.1554182439999962
480,480,quixot,10000,1,i,Yes,0.1766190179999966,0.1892096510000019,0.1768892370000117
481,481,quixot,10000,2,i,Yes,0.178913945999966,0.23142021428570445,0.201196264999993
482,482,quixot,10000,4,i,Yes,0.5690313420000166,0.6166996132857223,0.7015106599999994
483,483,quixot,10000,5,i,Yes,1.090477046999979,0.9167993662857146,1.0645061250000083
484,484,quixot,10000,7,i,Yes,1.4109443039999974,1.3483657477142776,1.3871027180000013
485,485,quixot,10000,1,d,Yes,0.1698592049999661,0.18433537057142776,0.1779641630000128
486,486,quixot,10000,2,d,Yes,0.1709391659999823,0.21609823114285498,0.2012405269999959
487,487,quixot,10000,4,d,Yes,0.4752305659999933,0.5414615512857102,0.625845055000001
488,488,quixot,10000,5,d,Yes,0.9597562769999968,0.7995529664285778,0.9225533700000028
489,489,quixot,10000,7,d,Yes,1.226179677999994,1.1700539694285776,1.2095163469999974
490,490,quixot,10000,1,l,Yes,0.1689167570000336,0.17936852928571967,0.1776227980000158
491,491,quixot,10000,2,l,Yes,0.1715321749999816,0.18556996228570885,0.180710275999985
492,492,quixot,10000,4,l,Yes,0.237347676000013,0.24725076800000728,0.2607983089999948
493,493,quixot,10000,5,l,Yes,0.3483670570000186,0.28910366614285493,0.293897644999987
494,494,quixot,10000,7,l,Yes,0.3478008069999987,0.3453729591428595,0.3476149220000053
495,495,quixot,10000,1,i,No,0.3458653739999704,0.5059537211428579,0.4259489920000021
496,496,quixot,10000,2,i,No,0.5141210900000033,0.5828058890000057,0.488705147999994
497,497,quixot,10000,4,i,No,0.5192221170000266,0.6314793561428595,0.5192221170000266
498,498,quixot,10000,5,i,No,0.5322716739999578,0.6348939708571345,0.5322716739999578
499,499,quixot,10000,7,i,No,0.5297924039999771,0.6485954718571367,0.5297924039999771
500,500,quixot,10000,1,d,No,0.3574323679999907,0.5163948492857163,0.4264480390000074
501,501,quixot,10000,2,d,No,0.5176931789999912,0.580773602571435,0.4947436229999908
502,502,quixot,10000,4,d,No,0.5252478140000107,0.6307063001428642,0.5252478140000107
503,503,quixot,10000,5,d,No,0.5284797869999807,0.6239252342857081,0.5284797869999807
504,504,quixot,10000,7,d,No,0.5304936300000236,0.6380275868571503,0.5304936300000236
505,505,quixot,10000,1,l,No,0.3494540579999921,0.49554000957142363,0.425113897000017
506,506,quixot,10000,2,l,No,0.5232934840000212,0.5827349535714299,0.4919475749999975
507,507,quixot,10000,4,l,No,0.527122401999975,0.6346140048571384,0.527122401999975
508,508,quixot,10000,5,l,No,0.5271481899999912,0.6194372964285709,0.5271481899999912
509,509,quixot,10000,7,l,No,0.5321732229999725,0.6249117391428598,0.5321732229999725
510,510,quixot,35000,1,i,Yes,0.3944836599999917,0.4198414720000026,0.4054873329999964
511,511,quixot,35000,2,i,Yes,0.406314683000005,0.5123279539999993,0.4518028710000124
512,512,quixot,35000,4,i,Yes,1.342992659999993,1.4168576511428579,1.4631460990000278
513,513,quixot,35000,5,i,Yes,2.592936877,2.076390308142863,2.490982109000015
514,514,quixot,35000,7,i,Yes,3.234478469999999,2.9933966324285715,3.0825691250000062
515,515,quixot,35000,1,d,Yes,0.3962311309999791,0.4224941288571295,0.4049072369999749
516,516,quixot,35000,2,d,Yes,0.4080983310000192,0.491010060714287,0.4546453959999894
517,517,quixot,35000,4,d,Yes,1.2146968999999783,1.2803274162857068,1.312394143999995
518,518,quixot,35000,5,d,Yes,2.277570490999949,1.8289289991428497,2.1484542050000077
519,519,quixot,35000,7,d,Yes,2.800061112000037,2.6556222078571508,2.7177673220000003
520,520,quixot,35000,1,l,Yes,0.391870922999999,0.4433995638571458,0.4123459489999845
521,521,quixot,35000,2,l,Yes,0.3871989310000003,0.4333992914285706,0.4096239880000212
522,522,quixot,35000,4,l,Yes,0.5296534269999711,0.6004009944285664,0.5569837919999827
523,523,quixot,35000,5,l,Yes,0.7078371430000061,0.7082737512857104,0.7078371430000061
524,524,quixot,35000,7,l,Yes,0.7897100120000005,0.8613747442857098,0.8790479899999895
525,525,quixot,35000,1,i,No,1.184310889000017,1.2876178195714314,1.102943504999999
526,526,quixot,35000,2,i,No,1.1737780440000165,1.3991469937142986,1.1737780440000165
527,527,quixot,35000,4,i,No,1.1653662470000086,1.4589868255714364,1.2439371769999923
528,528,quixot,35000,5,i,No,1.1754543229999967,1.43326215171428,1.1754543229999967
529,529,quixot,35000,7,i,No,1.17433162399999,1.4962867612857178,1.226543595999999
530,530,quixot,35000,1,d,No,1.1829487370000038,1.2142586091428496,1.0005420479999998
531,531,quixot,35000,2,d,No,1.1880859149999878,1.3365794704285747,1.1621159860000034
532,532,quixot,35000,4,d,No,1.175630167999998,1.394241384857141,1.175630167999998
533,533,quixot,35000,5,d,No,1.1785114990000238,1.3934614190000028,1.1785114990000238
534,534,quixot,35000,7,d,No,1.188744230999987,1.3955472245714264,1.2584566780000015
535,535,quixot,35000,1,l,No,1.1846032430000264,1.1933287010000027,0.9926454219999812
536,536,quixot,35000,2,l,No,1.182117204000008,1.326110941857144,1.182117204000008
537,537,quixot,35000,4,l,No,1.1861220050000156,1.375615321428569,1.1861220050000156
538,538,quixot,35000,5,l,No,1.1802415390000078,1.3870824007142843,1.1802415390000078
539,539,quixot,35000,7,l,No,1.1787221800000225,1.3823574504285818,1.1787221800000225
540,540,s3afg4ew,2500,1,i,Yes,0.0455435519999696,0.04691548528570623,0.0455435519999696
541,541,s3afg4ew,2500,2,i,Yes,0.0450896250000028,0.05709684085714527,0.0548465460000215
542,542,s3afg4ew,2500,4,i,Yes,0.0587346769999612,0.16203181699999905,0.1814783129999999
543,543,s3afg4ew,2500,5,i,Yes,0.1651108909999834,0.2360728418571448,0.2672445250000237
544,544,s3afg4ew,2500,7,i,Yes,0.4590617380000026,0.3285209667142882,0.3426818399999973
545,545,s3afg4ew,2500,1,d,Yes,0.0446152460000348,0.04928159657143576,0.0449865780000209
546,546,s3afg4ew,2500,2,d,Yes,0.0444533020000221,0.05656268042857154,0.0542635560000093
547,547,s3afg4ew,2500,4,d,Yes,0.0569550429999594,0.14543922485713828,0.1647422510000002
548,548,s3afg4ew,2500,5,d,Yes,0.1462675390000072,0.2068075802857216,0.2337970100000177
549,549,s3afg4ew,2500,7,d,Yes,0.3974904089999995,0.29795511571428845,0.3058405790000051
550,550,s3afg4ew,2500,1,l,Yes,0.0452049009999768,0.049144528142858544,0.0452049009999768
551,551,s3afg4ew,2500,2,l,Yes,0.0449167729999544,0.05049899814285539,0.0453123169999969
552,552,s3afg4ew,2500,4,l,Yes,0.0471116370000004,0.06666967071428963,0.0657183129999996
553,553,s3afg4ew,2500,5,l,Yes,0.0638748920000011,0.07583461399999906,0.0752121149999993
554,554,s3afg4ew,2500,7,l,Yes,0.1028845900000305,0.0884801364285814,0.0867200220000086
555,555,s3afg4ew,2500,1,i,No,0.0685618070000373,0.09780499328572279,0.1058217490000288
556,556,s3afg4ew,2500,2,i,No,0.1136060740000175,0.12324766771428787,0.1143539960000055
557,557,s3afg4ew,2500,4,i,No,0.1783465469999896,0.1564911132857109,0.1470974649999945
558,558,s3afg4ew,2500,5,i,No,0.1809902809999926,0.16575041271427887,0.1460404950000011
559,559,s3afg4ew,2500,7,i,No,0.1796965469999918,0.16207079814285685,0.135351925000009
560,560,s3afg4ew,2500,1,d,No,0.0689297280000005,0.09535192114286073,0.0978587399999995
561,561,s3afg4ew,2500,2,d,No,0.112395604000028,0.12861248514286527,0.1335843160000251
562,562,s3afg4ew,2500,4,d,No,0.1787572549999936,0.15708680542857395,0.1673525969999971
563,563,s3afg4ew,2500,5,d,No,0.18198809200004,0.16163924185714312,0.1337797969999883
564,564,s3afg4ew,2500,7,d,No,0.1814167109999971,0.1621737037142877,0.1350942380000219
565,565,s3afg4ew,2500,1,l,No,0.0687026559999708,0.09597011199999954,0.1008199760000039
566,566,s3afg4ew,2500,2,l,No,0.1132725950000121,0.12687865699999565,0.1156363319999798
567,567,s3afg4ew,2500,4,l,No,0.1800871290000145,0.1552885855714284,0.1601828229999995
568,568,s3afg4ew,2500,5,l,No,0.1875517819999572,0.1656054675714216,0.1518098090000066
569,569,s3afg4ew,2500,7,l,No,0.1832163930000092,0.16741574542856982,0.1554182439999962
570,570,s3afg4ew,10000,1,i,Yes,0.1768892370000117,0.1892096510000019,0.1768892370000117
571,571,s3afg4ew,10000,2,i,Yes,0.1753679949999878,0.23142021428570445,0.201196264999993
572,572,s3afg4ew,10000,4,i,Yes,0.2197671040000273,0.6166996132857223,0.7015106599999994
573,573,s3afg4ew,10000,5,i,Yes,0.6270550570000069,0.9167993662857146,1.0645061250000083
574,574,s3afg4ew,10000,7,i,Yes,1.7996622309999566,1.3483657477142776,1.3871027180000013
575,575,s3afg4ew,10000,1,d,Yes,0.1779641630000128,0.18433537057142776,0.1779641630000128
576,576,s3afg4ew,10000,2,d,Yes,0.1757919710000237,0.21609823114285498,0.2012405269999959
577,577,s3afg4ew,10000,4,d,Yes,0.2108360969999694,0.5414615512857102,0.625845055000001
578,578,s3afg4ew,10000,5,d,Yes,0.5507246460000488,0.7995529664285778,0.9225533700000028
579,579,s3afg4ew,10000,7,d,Yes,1.534129546000031,1.1700539694285776,1.2095163469999974
580,580,s3afg4ew,10000,1,l,Yes,0.1776227980000158,0.17936852928571967,0.1776227980000158
581,581,s3afg4ew,10000,2,l,Yes,0.1741296129999909,0.18556996228570885,0.180710275999985
582,582,s3afg4ew,10000,4,l,Yes,0.1798852310000143,0.24725076800000728,0.2607983089999948
583,583,s3afg4ew,10000,5,l,Yes,0.2414344270000015,0.28910366614285493,0.293897644999987
584,584,s3afg4ew,10000,7,l,Yes,0.4022513460000141,0.3453729591428595,0.3476149220000053
585,585,s3afg4ew,10000,1,i,No,0.2618643150000252,0.5059537211428579,0.4259489920000021
586,586,s3afg4ew,10000,2,i,No,0.4334631770000214,0.5828058890000057,0.488705147999994
587,587,s3afg4ew,10000,4,i,No,0.6813527420000014,0.6314793561428595,0.5192221170000266
588,588,s3afg4ew,10000,5,i,No,0.6854060229999845,0.6348939708571345,0.5322716739999578
589,589,s3afg4ew,10000,7,i,No,0.7000280009999642,0.6485954718571367,0.5297924039999771
590,590,s3afg4ew,10000,1,d,No,0.2731755679999992,0.5163948492857163,0.4264480390000074
591,591,s3afg4ew,10000,2,d,No,0.4308244990000389,0.580773602571435,0.4947436229999908
592,592,s3afg4ew,10000,4,d,No,0.6870578340000293,0.6307063001428642,0.5252478140000107
593,593,s3afg4ew,10000,5,d,No,0.6894468069999675,0.6239252342857081,0.5284797869999807
594,594,s3afg4ew,10000,7,d,No,0.6878028739999991,0.6380275868571503,0.5304936300000236
595,595,s3afg4ew,10000,1,l,No,0.2603233219999765,0.49554000957142363,0.425113897000017
596,596,s3afg4ew,10000,2,l,No,0.4346722469999804,0.5827349535714299,0.4919475749999975
597,597,s3afg4ew,10000,4,l,No,0.6914842329999829,0.6346140048571384,0.527122401999975
598,598,s3afg4ew,10000,5,l,No,0.6965708079999899,0.6194372964285709,0.5271481899999912
599,599,s3afg4ew,10000,7,l,No,0.6983589840000377,0.6249117391428598,0.5321732229999725
600,600,s3afg4ew,35000,1,i,Yes,0.4054873329999964,0.4198414720000026,0.4054873329999964
601,601,s3afg4ew,35000,2,i,Yes,0.3976549500000033,0.5123279539999993,0.4518028710000124
602,602,s3afg4ew,35000,4,i,Yes,0.4972891680000089,1.4168576511428579,1.4631460990000278
603,603,s3afg4ew,35000,5,i,Yes,1.3822374490000016,2.076390308142863,2.490982109000015
604,604,s3afg4ew,35000,7,i,Yes,4.010674193,2.9933966324285715,3.0825691250000062
605,605,s3afg4ew,35000,1,d,Yes,0.4049072369999749,0.4224941288571295,0.4049072369999749
606,606,s3afg4ew,35000,2,d,Yes,0.4022543629999973,0.491010060714287,0.4546453959999894
607,607,s3afg4ew,35000,4,d,Yes,0.4938857199999802,1.2803274162857068,1.312394143999995
608,608,s3afg4ew,35000,5,d,Yes,1.2360724349999828,1.8289289991428497,2.1484542050000077
609,609,s3afg4ew,35000,7,d,Yes,3.5156295880000243,2.6556222078571508,2.7177673220000003
610,610,s3afg4ew,35000,1,l,Yes,0.4123459489999845,0.4433995638571458,0.4123459489999845
611,611,s3afg4ew,35000,2,l,Yes,0.4096239880000212,0.4333992914285706,0.4096239880000212
612,612,s3afg4ew,35000,4,l,Yes,0.4309164919999944,0.6004009944285664,0.5569837919999827
613,613,s3afg4ew,35000,5,l,Yes,0.5774543389999849,0.7082737512857104,0.7078371430000061
614,614,s3afg4ew,35000,7,l,Yes,0.9311503270000115,0.8613747442857098,0.8790479899999895
615,615,s3afg4ew,35000,1,i,No,0.7962190620000342,1.2876178195714314,1.102943504999999
616,616,s3afg4ew,35000,2,i,No,1.1716633430000345,1.3991469937142986,1.1737780440000165
617,617,s3afg4ew,35000,4,i,No,1.5661879300000123,1.4589868255714364,1.2439371769999923
618,618,s3afg4ew,35000,5,i,No,1.5491066999999816,1.43326215171428,1.1754543229999967
619,619,s3afg4ew,35000,7,i,No,1.5582897799999955,1.4962867612857178,1.226543595999999
620,620,s3afg4ew,35000,1,d,No,0.776161568999953,1.2142586091428496,1.0005420479999998
621,621,s3afg4ew,35000,2,d,No,1.150523096000029,1.3365794704285747,1.1621159860000034
622,622,s3afg4ew,35000,4,d,No,1.554199213000004,1.394241384857141,1.175630167999998
623,623,s3afg4ew,35000,5,d,No,1.552963061000014,1.3934614190000028,1.1785114990000238
624,624,s3afg4ew,35000,7,d,No,1.549243892999982,1.3955472245714264,1.2584566780000015
625,625,s3afg4ew,35000,1,l,No,0.7825013199999944,1.1933287010000027,0.9926454219999812
626,626,s3afg4ew,35000,2,l,No,1.1970493329999954,1.326110941857144,1.182117204000008
627,627,s3afg4ew,35000,4,l,No,1.5623645699999995,1.375615321428569,1.1861220050000156
628,628,s3afg4ew,35000,5,l,No,1.5588115909999942,1.3870824007142843,1.1802415390000078
629,629,s3afg4ew,35000,7,l,No,1.543035825000004,1.3823574504285818,1.1787221800000225
